Key Path,English Original,French Translation
"seo.title","Moroccan Beauty Products Wholesale | From 50 Pieces","Produits Cosmétiques Marocains en Gros | Dès 50 Pièces"
"seo.description","Ready-to-sell Moroccan beauty products for shops, spas and hotels: argan oil, black soap, ghassoul, rose water and hammam kits. Wholesale from 50 pieces.","Produits cosmétiques marocains prêts à la revente pour boutiques, spas et hôtels : huile d'argan, savon noir, rhassoul, eau de rose et kits hammam. Vente en gros dès 50 pièces."
"hero.h1","Moroccan Beauty Products, Wholesale and Ready to Sell","Produits Cosmétiques Marocains, en Gros et Prêts à Vendre"
"hero.subtitle","Argan oil in retail bottles, black soap in jars, ghassoul, rose water, kessa gloves and complete hammam kits - labelled, packed and ready for your shelf, your treatment room or your guest bathrooms. Start from 50 pieces.","Huile d'argan en flacons de vente, savon noir en pots, rhassoul, eau de rose, gants de kessa et kits hammam complets — étiquetés, conditionnés et prêts pour votre boutique, cabine de soin ou vos chambres d'hôtes. Dès 50 pièces."
"hero.ctaPrice","Request the Price List","Demander la liste des prix"
"hero.ctaWhatsApp","Chat on WhatsApp","Échanger sur WhatsApp"
"hero.trustFacts[0]","Minimum order: 50 pieces","Commande minimum : 50 pièces"
"hero.trustFacts[1]","Mixed orders welcome","Commandes mixtes bienvenues"
"hero.trustFacts[2]","Reply within 24 hours","Réponse sous 24 heures"
"hero.trustFacts[3]","Factory in Agadir","Atelier à Agadir"
"whoItsFor.title","Who It's For","À qui s'adresse notre service"
"whoItsFor.intro","Most wholesale suppliers are built for big brands buying drums. We built this service for businesses that need finished products in manageable quantities.","La plupart des grossistes sont organisés pour de grandes marques achetant par fûts entiers. Nous avons conçu ce service pour les entreprises qui ont besoin de produits finis en quantités gérables."
"whoItsFor.cards[0].id","shops","shops"
"whoItsFor.cards[0].title","Shops and concept stores","Boutiques et concept stores"
"whoItsFor.cards[0].description","Moroccan beauty sells well next to home décor, tea and crafts. Ready-labelled products and gift sets in quantities a shop can actually move.","La beauté marocaine se vend très bien aux côtés de la décoration, du thé et de l'artisanat. Produits finis étiquetés et coffrets cadeaux en volumes adaptés aux boutiques indépendantes."
"whoItsFor.cards[0].linkText","See gift sets and hammam kits","Voir coffrets et kits hammam"
"whoItsFor.cards[0].href","/contact/","/contact/"
"whoItsFor.cards[1].id","spas","spas"
"whoItsFor.cards[1].title","Spas and hammams","Spas et hammams"
"whoItsFor.cards[1].description","Professional formats of black soap and ghassoul for treatments, kessa gloves by the pack, and retail sizes for your reception desk.","Formats professionnels de savon noir et rhassoul pour les cabines de soin, gants de kessa par lot et formats revente pour votre comptoir d'accueil."
"whoItsFor.cards[1].linkText","See spa and hammam supplies","Voir fournitures spa & hammam"
"whoItsFor.cards[1].href","/contact/","/contact/"
"whoItsFor.cards[2].id","hotels","hotels"
"whoItsFor.cards[2].title","Hotels and riads","Hôtels et riads"
"whoItsFor.cards[2].description","Argan oil, black soap and rose water for guest rooms and in-house spas - a small detail guests remember.","Huile d'argan, savon noir et eau de rose pour chambres d'hôtes et spas intégrés — une attention raffinée dont les clients se souviennent."
"whoItsFor.cards[2].linkText","See hotel amenities","Voir produits d'accueil hôtel"
"whoItsFor.cards[2].href","/contact/","/contact/"
"whoItsFor.cards[3].id","online","online"
"whoItsFor.cards[3].title","Online sellers","Vendeurs en ligne"
"whoItsFor.cards[3].description","Retail-ready products with clear labels and ingredient lists, packed to travel well.","Produits prêts à la commercialisation avec étiquetage clair et liste d'ingrédients, soigneusement emballés pour le transport."
"whoItsFor.cards[3].linkText","See the catalog","Voir le catalogue"
"whoItsFor.cards[3].href","/contact/","/contact/"
"whoItsFor.cards[3].image","/images/img24.jpg","/images/img24.jpg"
"products.title","Ready-to-Sell Products","Produits Prêts à la Revente"
"products.columns.product","Product","Produit"
"products.columns.formats","Formats","Formats"
"products.columns.popularWith","Works well for","Idéal pour"
"products.items[0].name","Argan oil (cosmetic)","Huile d'argan (cosmétique)"
"products.items[0].format","On request","Sur demande"
"products.items[0].popularWith","Shops, online sellers, hotels","Boutiques, e-commerce, hôtels"
"products.items[0].image","/images/hero-background.jpg","/images/hero-background.jpg"
"products.items[1].name","Moroccan black soap","Savon noir marocain"
"products.items[1].format","On request","Sur demande"
"products.items[1].popularWith","Spas, hammams, shops","Spas, hammams, boutiques"
"products.items[1].image","/images/card-premium-oils.jpg","/images/card-premium-oils.jpg"
"products.items[2].name","Ghassoul clay","Argile Ghassoul"
"products.items[2].format","On request","Sur demande"
"products.items[2].popularWith","Spas, shops","Spas, boutiques"
"products.items[2].image","/images/hero-background.jpg","/images/hero-background.jpg"
"products.items[3].name","Rose water","Eau de rose"
"products.items[3].format","On request","Sur demande"
"products.items[3].popularWith","Shops, online sellers","Boutiques, e-commerce"
"products.items[3].image","/images/rose water morocoo.png","/images/rose water morocoo.png"
"products.items[4].name","Kessa exfoliating gloves","Gants exfoliants Kessa"
"products.items[4].format","On request","Sur demande"
"products.items[4].popularWith","Spas, hammams, hotels","Spas, hammams, hôtels"
"products.items[4].image","/images/card-premium-oils.jpg","/images/card-premium-oils.jpg"
"products.items[5].name","Hammam kits","Kits de hammam"
"products.items[5].format","On request","Sur demande"
"products.items[5].popularWith","Shops, gift buyers, hotels","Boutiques, cadeaux, hôtels"
"products.items[5].image","/images/card-premium-oils.jpg","/images/card-premium-oils.jpg"
"products.footerNote","Ask for the price list to see current formats and prices.","Demandez la liste de prix pour consulter les formats actuels et les tarifs."
"products.cta","Ask for the price list","Demander la liste des prix"
"mixedOrder.title","How a Mixed Order Works","Comment fonctionne une commande mixte"
"mixedOrder.subtitle","You don't need to buy hundreds of one item to get started.","Vous n'avez pas besoin d'acheter des centaines d'exemplaires d'un seul article pour démarrer."
"mixedOrder.steps[0].num","01","01"
"mixedOrder.steps[0].title","Choose your products","Choisissez vos produits"
"mixedOrder.steps[0].desc","Mix oils, soaps, clays and kits.","Mélangez huiles, savons, argiles et coffrets."
"mixedOrder.steps[1].num","02","02"
"mixedOrder.steps[1].title","Reach the minimum","Atteignez le minimum"
"mixedOrder.steps[1].desc","50 pieces total order minimum.","50 pièces au total par commande."
"mixedOrder.steps[2].num","03","03"
"mixedOrder.steps[2].title","Receive a quote","Recevez votre devis"
"mixedOrder.steps[2].desc","Prices, lead time and shipping options within 24 hours.","Tarifs, délais et options de livraison sous 24 heures."
"mixedOrder.steps[3].num","04","04"
"mixedOrder.steps[3].title","Confirm your order","Confirmez votre commande"
"mixedOrder.steps[3].desc","Lock in your production run.","Validation de votre lot de fabrication."
"mixedOrder.steps[4].num","05","05"
"mixedOrder.steps[4].title","We pack and ship","Préparation et expédition"
"mixedOrder.steps[4].desc","Direct export with all necessary export documents.","Expédition directe avec documents d'exportation."
"customLogo.title","Want Your Own Logo on the Products?","Envie de votre propre logo sur les produits ?"
"customLogo.description","From 50 pieces, we can put your shop's, spa's or hotel's name on the labels - a simple way to build a house brand without launching a full cosmetics line.","Dès 50 pièces, nous pouvons apposer le nom de votre boutique, spa ou hôtel sur les étiquettes — un moyen simple de créer votre marque sans développer une gamme complète."
"customLogo.buttonText","See custom labels","Voir les étiquettes personnalisées"
"customLogo.href","/private-label/","/private-label/"
"customLogo.image","/images/img14.jpg","/images/img14.jpg"
"sourcing.title","Where Our Products Come From","D'où viennent nos produits"
"sourcing.description","Our factory is in Agadir, in the argan region of Morocco. We work with Moroccan producers and cooperatives, and we pack and check every order before it leaves. On request, we provide ingredient lists and safety data sheets for our products.","Notre atelier de production se situe à Agadir, au cœur de la région de l'arganier au Maroc. Nous collaborons avec des coopératives et producteurs marocains, et chaque commande est contrôlée et conditionnée avant expédition. Sur demande, nous fournissons les listes d'ingrédients et fiches de données de sécurité."
"sourcing.factoryLabel","Factory","Atelier"
"sourcing.factoryCity","Agadir","Agadir"
"sourcing.addressLabel","Address","Adresse"
"sourcing.address","Lot 377 N°3/6, Sidi Ghanem industrial zone, 40110 Marrakesh","Lot 377 N°3/6, Zone industrielle Sidi Ghanem, 40110 Marrakech"
"sourcing.image","/images/manufacturing.webp","/images/manufacturing.webp"
"shipping.title","Shipping","Expédition & Logistique"
"shipping.description","Samples travel by express courier; orders by express, air or sea freight depending on size. We prepare the export documents and can ship to your door or to your forwarder.","Les échantillons sont expédiés par coursier express ; les commandes par express, fret aérien ou maritime selon le volume. Nous établissons les formalités douanières et livrons directement à votre adresse ou chez votre transitaire."
"faq.title","Frequently Asked Questions","Foire Aux Questions"
"faq.subtitle","Still have a question?","Vous avez une question ?"
"faq.whatsAppLink","Chat on WhatsApp","Échanger sur WhatsApp"
"faq.items[0].q","What is your minimum order?","Quel est votre minimum de commande ?"
"faq.items[0].a","50 pieces. You can mix products in one order.","50 pièces. Vous pouvez mélanger les produits dans une même commande."
"faq.items[1].q","How quickly do you reply?","En combien de temps répondez-vous ?"
"faq.items[1].a","Within 24 hours on business days, with prices, formats and shipping options.","Sous 24 heures les jours ouvrables, avec les tarifs, formats et options d'expédition."
"faq.items[2].q","Do you sell to small shops and single spas?","Vendez-vous aux petites boutiques et aux spas indépendants ?"
"faq.items[2].a","Yes - that's who this service is built for. You can start from 50 pieces and mix products in one order.","Oui — c'est exactement pour vous que ce service est conçu. Vous pouvez commencer dès 50 pièces et mélanger les produits dans une seule commande."
"faq.items[3].q","Can you put my logo on the products?","Pouvez-vous apposer mon logo sur les produits ?"
"faq.items[3].a","Yes, from 50 pieces. See our custom label page.","Oui, dès 50 pièces. Consultez notre page marque personnalisée."
"faq.items[4].q","Where is your factory?","Où se trouve votre atelier de production ?"
"faq.items[4].a","In Agadir, Morocco. Our address is Lot 377 N°3/6, Sidi Ghanem industrial zone, 40110 Marrakesh.","À Agadir, au Maroc. Notre adresse est Lot 377 N°3/6, Zone industrielle Sidi Ghanem, 40110 Marrakech."
"faq.items[5].q","Do you ship outside Morocco?","Livrez-vous en dehors du Maroc ?"
"faq.items[5].a","Yes, worldwide, by express courier, air or sea freight.","Oui, dans le monde entier, par coursier express, fret aérien ou maritime."
"getPriceList.title","Get the Price List","Demandez la liste des prix"
"getPriceList.description","Tell us your type of business, the products you're interested in and your country. You'll receive the price list and shipping options within 24 hours on business days.","Indiquez-nous votre type d'activité, les produits souhaités et votre pays. Vous recevrez notre grille tarifaire et les options d'expédition sous 24 heures les jours ouvrables."
"getPriceList.primaryCta","Request the Price List","Demander la liste des prix"
"getPriceList.secondaryCta","Chat on WhatsApp","Échanger sur WhatsApp"
"about.seo.title","About Moroccan Beauty Wholesale | Factory in Agadir","À Propos de Moroccan Beauty Wholesale | Atelier à Agadir"
"about.seo.description","Who we are: a Moroccan wholesale supplier of ready-to-sell beauty products for shops, spas and hotels, from 50 pieces. Factory in Agadir, address in Marrakech.","Qui sommes-nous : fournisseur marocain en gros de produits de beauté prêts à la vente pour boutiques, spas et hôtels, dès 50 pièces. Atelier à Agadir, adresse à Marrakech."
"about.breadcrumb.home","Home","Accueil"
"about.breadcrumb.about","About","À propos"
"about.hero.h1","A Wholesale Service Built for Small Businesses","Un service de vente en gros pensé pour les petites entreprises"
"about.hero.intro","Moroccan Beauty Wholesale supplies ready-to-sell Moroccan beauty products - argan oil, black soap, ghassoul, rose water, kessa gloves and hammam kits - to shops, spas, hotels and online sellers. Our factory is in Agadir, and you can start from 50 pieces.","Moroccan Beauty Wholesale fournit des produits de beauté marocains prêts à la vente — huile d'argan, savon noir, rhassoul, eau de rose, gants kessa et coffrets hammam — aux boutiques, spas, hôtels et créateurs de marques en ligne. Notre atelier est à Agadir, et vous pouvez démarrer dès 50 pièces."
"about.hero.ctaPrice","Request the Price List","Demander la liste des prix"
"about.hero.ctaWhatsApp","Chat on WhatsApp","Échanger sur WhatsApp"
"about.hero.fallbackSandLine","Factory in Agadir · Address in Marrakesh","Atelier à Agadir · Adresse à Marrakech"
"about.whyStarted.title","Why We Started This Service","Pourquoi nous avons créé ce service"
"about.whyStarted.p1","Moroccan beauty products are easy to love and easy to sell. Buying them is another story. Most suppliers are organised for large brands: minimums in the hundreds or thousands of units, bulk drums to repackage, and long email threads before you even see a price.","Les produits de beauté marocains sont faciles à aimer et faciles à vendre. Les acheter est une autre histoire. La plupart des fournisseurs sont organisés pour les grandes marques : des minimums de centaines ou milliers d'unités, des fûts en vrac à reconditionner, et de longs échanges d'emails avant même de voir un tarif."
"about.whyStarted.p2","A concept store, a hammam, a riad or a small online shop doesn't need that. It needs a few cartons of products that are already labelled, packed and ready to use or sell, with a clear price and a quick answer.","Un concept store, un hammam, un riad ou une boutique en ligne n'a pas besoin de cela. Il a besoin de quelques cartons de produits déjà étiquetés, emballés et prêts à l'emploi ou à la vente, avec un prix clair et une réponse rapide."
"about.whyStarted.pullQuote","Finished products, a 50-piece minimum, mixed orders, and a reply within 24 hours.","Des produits finis, un minimum de 50 pièces, des commandes mixtes et une réponse sous 24 heures."
"about.whyStarted.sinceYearPrefix","Since ","Depuis "
"about.factory.title","Our Factory in Agadir","Notre atelier à Agadir"
"about.factory.p1","Agadir sits in the heart of the argan region of south-west Morocco.","Agadir se situe au cœur de la région de l'arganier dans le sud-ouest marocain."
"about.factory.p2","We work with Moroccan producers and cooperatives for the products we don't make ourselves, and every order is checked and packed before it leaves.","Nous travaillons avec des producteurs et des coopératives marocaines pour les produits que nous ne fabriquons pas nous-mêmes, et chaque commande est contrôlée et emballée avant expédition."
"about.whatWeDo.title","What We Do for You","Ce que nous faisons pour vous"
"about.whatWeDo.items[0].lead","Supply finished products","Fournir des produits finis"
"about.whatWeDo.items[0].text","labelled and packed, ready for a shelf, a treatment room or a guest bathroom.","étiquetés et emballés, prêts pour un rayon, une cabine de soin ou une chambre d'hôtes."
"about.whatWeDo.items[1].lead","Accept small, mixed orders","Accepter des petites commandes mixtes"
"about.whatWeDo.items[1].text","from 50 pieces, combining several products.","dès 50 pièces, en combinant plusieurs produits."
"about.whatWeDo.items[2].lead","Put your name on the label","Apposer votre nom sur l'étiquette"
"about.whatWeDo.items[2].text","from 50 pieces, for a simple house brand.","dès 50 pièces, pour une gamme personnalisée simple."
"about.whatWeDo.items[3].lead","Prepare export documents","Préparer les documents d'exportation"
"about.whatWeDo.items[3].text","and ship worldwide by express, air or sea freight.","et expédier dans le monde entier par express, voie aérienne ou maritime."
"about.whatWeDo.items[4].lead","Provide product information","Fournir les informations produit"
"about.whatWeDo.items[4].text","ingredient lists and safety data sheets on request.","listes d'ingrédients et fiches de données de sécurité sur demande."
"about.expectations.title","What You Can Expect From Us","Ce que vous pouvez attendre de nous"
"about.expectations.items[0].title","A quick, clear answer","Une réponse claire et rapide"
"about.expectations.items[0].text","Every enquiry gets a reply within 24 hours on business days, with prices, formats and shipping options.","Chaque demande reçoit une réponse sous 24 heures ouvrées, avec les tarifs, les formats et les solutions d'expédition."
"about.expectations.items[1].title","Honest information","Une information transparente"
"about.expectations.items[1].text","We tell you what a product is, where it comes from and what it can and can't claim. No miracle promises on our labels or our website.","Nous vous disons exactement ce qu'est un produit, d'où il provient et ce qu'il peut revendiquer. Aucune promesse miraculeuse sur nos étiquettes ou notre site."
"about.expectations.items[2].title","Small orders taken seriously","Les petites commandes prises au sérieux"
"about.expectations.items[2].text","A first order of 50 pieces gets the same care as a large one. Most businesses start small - we'd rather earn your second order than push a big first one.","Une première commande de 50 pièces reçoit la même attention qu'une grande. La plupart des commerces démarrent petits — nous préférons mériter votre seconde commande plutôt que forcer un premier volume."
"about.expectations.items[3].title","One point of contact","Un interlocuteur unique"
"about.expectations.items[3].text","The same person follows your order from the first message to delivery.","La même personne suit votre commande du premier message jusqu'à la livraison."
"about.whereToFind.title","Where to Find Us","Où nous trouver"
"about.whereToFind.labels.address","Address","Adresse"
"about.whereToFind.labels.factory","Factory","Atelier"
"about.whereToFind.labels.email","Email","Email"
"about.whereToFind.labels.phoneWhatsApp","Phone / WhatsApp","Téléphone / WhatsApp"
"about.whereToFind.labels.openingHours","Opening Hours","Horaires d'ouverture"
"about.whereToFind.addressValue","Lot 377 N°3/6, Sidi Ghanem industrial zone, 40110 Marrakesh, Morocco","Lot 377 N°3/6, Zone industrielle Sidi Ghanem, 40110 Marrakech, Maroc"
"about.whereToFind.factoryValue","Agadir, Morocco","Agadir, Maroc"
"about.whereToFind.visitsText","Visits are by appointment.","Les visites se font sur rendez-vous."
"about.whereToFind.videoCallText","We can also organise a video call to show you our products and packaging.","Nous pouvons également organiser un appel vidéo pour vous présenter nos produits et emballages."
"about.whereToFind.openMapBtn","Open in Google Maps","Ouvrir dans Google Maps"
"about.faq.title","Frequently Asked Questions","Foire Aux Questions"
"about.faq.subtitle","Direct answers about our factory, order minimums and how we work.","Des réponses directes sur notre atelier, nos minimums et notre façon de travailler."
"about.faq.whatsAppLink","Chat on WhatsApp","Échanger sur WhatsApp"
"about.faq.items[0].q","Where is your factory?","Où se trouve votre atelier ?"
"about.faq.items[0].a","In Agadir, in the argan region of Morocco. Our address is in the Sidi Ghanem industrial zone in Marrakesh.","À Agadir, dans la région de l'argan au Maroc. Notre adresse est située dans la zone industrielle de Sidi Ghanem à Marrakech."
"about.faq.items[1].q","What is the minimum order?","Quel est le minimum de commande ?"
"about.faq.items[1].a","50 pieces, and you can mix products in one order.","50 pièces, et vous pouvez panacher plusieurs produits dans une même commande."
"about.faq.items[2].q","How quickly do you reply?","Sous quel délai répondez-vous ?"
"about.faq.items[2].a","Within 24 hours on business days.","Sous 24 heures les jours ouvrés."
"about.faq.items[3].q","Can I visit you?","Est-il possible de vous rendre visite ?"
"about.faq.items[3].a","Yes, by appointment. Contact us to arrange a visit.","Oui, sur rendez-vous. Contactez-nous pour organiser votre visite."
"about.cta.title","Let's Talk About Your First Order","Parlons de votre première commande"
"about.cta.description","Tell us what kind of business you run and which products you're interested in. You'll get the price list within 24 hours on business days.","Indiquez-nous votre type d'activité et les produits qui vous intéressent. Vous recevrez notre liste de prix sous 24 heures ouvrées."
"about.cta.ctaPrice","Request the Price List","Demander la liste des prix"
"about.cta.ctaWhatsApp","Chat on WhatsApp","Échanger sur WhatsApp"