Key Path,English Original,Arabic Translation
"seo.title","Moroccan Beauty Products Wholesale | From 50 Pieces","منتجات تجميل مغربية بالجملة | ابتداءً من 50 قطعة"
"seo.description","Ready-to-sell Moroccan beauty products for shops, spas and hotels: argan oil, black soap, ghassoul, rose water and hammam kits. Wholesale from 50 pieces.","منتجات تجميل مغربية جاهزة للبيع للمتاجر والسبا والفنادق: زيت الأرغان، الصابون الأسود، الغاسول، ماء الورد وباقات الحمام. بالجملة من 50 قطعة."
"hero.h1","Moroccan Beauty Products, Wholesale and Ready to Sell","منتجات التجميل المغربية، بالجملة وجاهزة للبيع"
"hero.subtitle","Argan oil in retail bottles, black soap in jars, ghassoul, rose water, kessa gloves and complete hammam kits - labelled, packed and ready for your shelf, your treatment room or your guest bathrooms. Start from 50 pieces.","زيت الأرغان في زجاجات التجزئة، الصابون الأسود في علب، الغاسول، ماء الورد، قفازات الكيس وباقات الحمام الكاملة — مغلفة ومجهزة وجاهزة لمتجرك أو صالونك أو غرف الضيوف. ابتداءً من 50 قطعة."
"hero.ctaPrice","Request the Price List","طلب لائحة الأسعار"
"hero.ctaWhatsApp","Chat on WhatsApp","تواصل عبر واتساب"
"hero.trustFacts[0]","Minimum order: 50 pieces","الحد الأدنى: 50 قطعة"
"hero.trustFacts[1]","Mixed orders welcome","إمكانية طلب تشكيلة منوعة"
"hero.trustFacts[2]","Reply within 24 hours","الرد خلال 24 ساعة"
"hero.trustFacts[3]","Factory in Agadir","المعمل في أكادير"
"whoItsFor.title","Who It's For","لمن صُممت هذه الخدمة"
"whoItsFor.intro","Most wholesale suppliers are built for big brands buying drums. We built this service for businesses that need finished products in manageable quantities.","معظم موردي الجملة يركزون على الشركات الكبرى التي تشتري بالبراميل الضخمة. نحن أسسنا هذه الخدمة للشركات والمتاجر التي تحتاج إلى منتجات نهائية جاهزة بكميات مناسبة."
"whoItsFor.cards[0].id","shops","shops"
"whoItsFor.cards[0].title","Shops and concept stores","المتاجر والمتاجر الفاخرة"
"whoItsFor.cards[0].description","Moroccan beauty sells well next to home décor, tea and crafts. Ready-labelled products and gift sets in quantities a shop can actually move.","منتجات التجميل المغربية تباع بشكل ممتاز بجانب الديكور المنزلي والشاي والحرف اليدوية. منتجات مغلفة وباقات هدايا بكميات واقعية للمتاجر."
"whoItsFor.cards[0].linkText","See gift sets and hammam kits","مشاهدة باقات الهدايا ومجموعات الحمام"
"whoItsFor.cards[0].href","/contact/","/contact/"
"whoItsFor.cards[1].id","spas","spas"
"whoItsFor.cards[1].title","Spas and hammams","المنتجعات الصحية والحمامات"
"whoItsFor.cards[1].description","Professional formats of black soap and ghassoul for treatments, kessa gloves by the pack, and retail sizes for your reception desk.","أحجام مهنية من الصابون الأسود والغاسول لجلسات العناية، قفازات الكيس بالباقة، وأحجام للتجزئة لمكتب الاستقبال."
"whoItsFor.cards[1].linkText","See spa and hammam supplies","مشاهدة مستلزمات السبا والحمام"
"whoItsFor.cards[1].href","/contact/","/contact/"
"whoItsFor.cards[2].id","hotels","hotels"
"whoItsFor.cards[2].title","Hotels and riads","الفنادق والرياضات"
"whoItsFor.cards[2].description","Argan oil, black soap and rose water for guest rooms and in-house spas - a small detail guests remember.","زيت الأرغان، الصابون الأسود وماء الورد لغرف النزلاء والحمامات الداخلية — لمسة أصيلة يتذكرها الضيوف دائماً."
"whoItsFor.cards[2].linkText","See hotel amenities","مشاهدة مستلزمات الضيافة للفنادق"
"whoItsFor.cards[2].href","/contact/","/contact/"
"whoItsFor.cards[3].id","online","online"
"whoItsFor.cards[3].title","Online sellers","البائعون عبر الإنترنت"
"whoItsFor.cards[3].description","Retail-ready products with clear labels and ingredient lists, packed to travel well.","منتجات جاهزة للبيع مع ملصقات واضحة وقائمة المكونات، مغلفة بإحكام لتحمل الشحن والتنقل."
"whoItsFor.cards[3].linkText","See the catalog","مشاهدة الكتالوج"
"whoItsFor.cards[3].href","/contact/","/contact/"
"whoItsFor.cards[3].image","/images/img24.jpg","/images/img24.jpg"
"products.title","Ready-to-Sell Products","منتجات جاهزة للبيع الفوري"
"products.columns.product","Product","المنتج"
"products.columns.formats","Formats","الأحجام"
"products.columns.popularWith","Works well for","مناسب لـ"
"products.items[0].name","Argan oil (cosmetic)","زيت الأرغان (للتجميل)"
"products.items[0].format","On request","عند الطلب"
"products.items[0].popularWith","Shops, online sellers, hotels","المتاجر، التجارة الإلكترونية، الفنادق"
"products.items[0].image","/images/hero-background.jpg","/images/hero-background.jpg"
"products.items[1].name","Moroccan black soap","الصابون الأسود المغربي"
"products.items[1].format","On request","عند الطلب"
"products.items[1].popularWith","Spas, hammams, shops","الصالونات، الحمامات، المتاجر"
"products.items[1].image","/images/card-premium-oils.jpg","/images/card-premium-oils.jpg"
"products.items[2].name","Ghassoul clay","طين الغاسول الطبيعي"
"products.items[2].format","On request","عند الطلب"
"products.items[2].popularWith","Spas, shops","الصالونات، المتاجر"
"products.items[2].image","/images/hero-background.jpg","/images/hero-background.jpg"
"products.items[3].name","Rose water","ماء الورد المقطر"
"products.items[3].format","On request","عند الطلب"
"products.items[3].popularWith","Shops, online sellers","المتاجر، التجارة الإلكترونية"
"products.items[3].image","/images/rose water morocoo.png","/images/rose water morocoo.png"
"products.items[4].name","Kessa exfoliating gloves","قفاز الكيس المغربي للتقشير"
"products.items[4].format","On request","عند الطلب"
"products.items[4].popularWith","Spas, hammams, hotels","الصالونات، الحمامات، الفنادق"
"products.items[4].image","/images/card-premium-oils.jpg","/images/card-premium-oils.jpg"
"products.items[5].name","Hammam kits","باقات الحمام المغربي"
"products.items[5].format","On request","عند الطلب"
"products.items[5].popularWith","Shops, gift buyers, hotels","المتاجر، الهدايا، الفنادق"
"products.items[5].image","/images/card-premium-oils.jpg","/images/card-premium-oils.jpg"
"products.footerNote","Ask for the price list to see current formats and prices.","اطلب لائحة الأسعار للاطلاع على الأحجام المتوفرة والأسعار."
"products.cta","Ask for the price list","طلب لائحة الأسعار"
"mixedOrder.title","How a Mixed Order Works","كيف تتم معالجة الطلبية المنوعة"
"mixedOrder.subtitle","You don't need to buy hundreds of one item to get started.","لست بحاجة لشراء مئات القطع من منتج واحد للبدء."
"mixedOrder.steps[0].num","01","01"
"mixedOrder.steps[0].title","Choose your products","اختر منتجاتك"
"mixedOrder.steps[0].desc","Mix oils, soaps, clays and kits.","امزج بين الزيوت، الصابون، الطين وباقات الحمام."
"mixedOrder.steps[1].num","02","02"
"mixedOrder.steps[1].title","Reach the minimum","الوصول للحد الأدنى"
"mixedOrder.steps[1].desc","50 pieces total order minimum.","50 قطعة إجمالاً للطلبية."
"mixedOrder.steps[2].num","03","03"
"mixedOrder.steps[2].title","Receive a quote","استلام عرض الأسعار"
"mixedOrder.steps[2].desc","Prices, lead time and shipping options within 24 hours.","الأسعار، مدة التجهيز وخيارات الشحن خلال 24 ساعة."
"mixedOrder.steps[3].num","04","04"
"mixedOrder.steps[3].title","Confirm your order","تأكيد الطلبية"
"mixedOrder.steps[3].desc","Lock in your production run.","اعتماد تشغيلة الإنتاج الخاصة بك."
"mixedOrder.steps[4].num","05","05"
"mixedOrder.steps[4].title","We pack and ship","التغليف والشحن"
"mixedOrder.steps[4].desc","Direct export with all necessary export documents.","تجهيز الشحنة مع كافة وثائق التصدير الرسمية."
"customLogo.title","Want Your Own Logo on the Products?","هل ترغب في وضع شعارك الخاص على المنتجات؟"
"customLogo.description","From 50 pieces, we can put your shop's, spa's or hotel's name on the labels - a simple way to build a house brand without launching a full cosmetics line.","ابتداءً من 50 قطعة، يمكننا وضع اسم متجرك أو صالونك أو فندقك على الملصقات — وسيلة سهلة لبناء علامتك التجارية دون الحاجة لإطلاق خط تصنيع معقد."
"customLogo.buttonText","See custom labels","مشاهدة خيارات العلامة الخاصة"
"customLogo.href","/private-label/","/private-label/"
"customLogo.image","/images/img14.jpg","/images/img14.jpg"
"sourcing.title","Where Our Products Come From","من أين تأتي منتجاتنا"
"sourcing.description","Our factory is in Agadir, in the argan region of Morocco. We work with Moroccan producers and cooperatives, and we pack and check every order before it leaves. On request, we provide ingredient lists and safety data sheets for our products.","يقع معملنا في مدينة أكادير، في قلب منطقة شجر الأرغان بالمغرب. نتعامل مباشرة مع تعاونيات ومنتجين مغاربة، ونفحص كل شحنة بدقة قبل خروجها. نوفر عند الطلب قوائم المكونات وصحائف بيانات السلامة."
"sourcing.factoryLabel","Factory","المعمل"
"sourcing.factoryCity","Agadir","أكادير"
"sourcing.addressLabel","Address","العنوان"
"sourcing.address","Lot 377 N°3/6, Sidi Ghanem industrial zone, 40110 Marrakesh","القطعة 377 رقم 3/6، المنطقة الصناعية سيدي غانم، 40110 مراكش"
"sourcing.image","/images/manufacturing.webp","/images/manufacturing.webp"
"shipping.title","Shipping","الشحن والتوصيل الدولي"
"shipping.description","Samples travel by express courier; orders by express, air or sea freight depending on size. We prepare the export documents and can ship to your door or to your forwarder.","تُرسل العينات عبر البريد السريع، والطلبيات عبر الشحن السريع أو الجوي أو البحري حسب الحجم. نجهز كافة وثائق التصدير الرسمية ونشحن إلى عنوانك أو إلى وكيل الشحن الخاص بك."
"faq.title","Frequently Asked Questions","الأسئلة الشائعة"
"faq.subtitle","Still have a question?","هل لديك سؤال آخر؟"
"faq.whatsAppLink","Chat on WhatsApp","تواصل عبر واتساب"
"faq.items[0].q","What is your minimum order?","ما هو الحد الأدنى للطلب لديكم؟"
"faq.items[0].a","50 pieces. You can mix products in one order.","50 قطعة. يمكنك الجمع بين منتجات مختلفة في طلبية واحدة."
"faq.items[1].q","How quickly do you reply?","ما هي سرعة الرد على الاستفسارات؟"
"faq.items[1].a","Within 24 hours on business days, with prices, formats and shipping options.","خلال 24 ساعة في أيام العمل، مع توضيح الأسعار والأحجام وخيارات الشحن."
"faq.items[2].q","Do you sell to small shops and single spas?","هل تبيعون للمتاجر الصغيرة والصالونات المستقلة؟"
"faq.items[2].a","Yes - that's who this service is built for. You can start from 50 pieces and mix products in one order.","نعم — لقد صممنا هذه الخدمة خصيصاً لكم. يمكنكم البدء من 50 قطعة مع إمكانية مزج المنتجات في نفس الطلبية."
"faq.items[3].q","Can you put my logo on the products?","هل يمكنكم وضع شعاري (اللوغو) على المنتجات؟"
"faq.items[3].a","Yes, from 50 pieces. See our custom label page.","نعم، ابتداءً من 50 قطعة. راجع صفحة العلامة المخصصة."
"faq.items[4].q","Where is your factory?","أين يقع معملكم؟"
"faq.items[4].a","In Agadir, Morocco. Our address is Lot 377 N°3/6, Sidi Ghanem industrial zone, 40110 Marrakesh.","في أكادير، المغرب. عنواننا هو القطعة 377 رقم 3/6، المنطقة الصناعية سيدي غانم، 40110 مراكش."
"faq.items[5].q","Do you ship outside Morocco?","هل تقومون بالشحن خارج المغرب؟"
"faq.items[5].a","Yes, worldwide, by express courier, air or sea freight.","نعم، إلى جميع أنحاء العالم، عبر البريد السريع، أو الشحن الجوي، أو الشحن البحري."
"getPriceList.title","Get the Price List","الحصول على لائحة الأسعار"
"getPriceList.description","Tell us your type of business, the products you're interested in and your country. You'll receive the price list and shipping options within 24 hours on business days.","أخبرنا بطبيعة نشاطك التجاري والمنتجات التي تهمك ودولتك، وستتلقى لائحة الأسعار وخيارات الشحن خلال 24 ساعة في أيام العمل."
"getPriceList.primaryCta","Request the Price List","طلب لائحة الأسعار"
"getPriceList.secondaryCta","Chat on WhatsApp","تواصل عبر واتساب"
"about.seo.title","About Moroccan Beauty Wholesale | Factory in Agadir","عن Moroccan Beauty Wholesale | ورشة الإنتاج بأكادير"
"about.seo.description","Who we are: a Moroccan wholesale supplier of ready-to-sell beauty products for shops, spas and hotels, from 50 pieces. Factory in Agadir, address in Marrakech.","من نحن: مورد مغربي بالجملة لمنتجات التجميل الجاهزة للبيع للمتاجر والمنتجعات والفنادق، ابتداءً من 50 قطعة. ورشة بأكادير وعنوان بمراكش."
"about.breadcrumb.home","Home","الرئيسية"
"about.breadcrumb.about","About","من نحن"
"about.hero.h1","A Wholesale Service Built for Small Businesses","خدمة بيع بالجملة مصممة للمشاريع الصغيرة والمتوسطة"
"about.hero.intro","Moroccan Beauty Wholesale supplies ready-to-sell Moroccan beauty products - argan oil, black soap, ghassoul, rose water, kessa gloves and hammam kits - to shops, spas, hotels and online sellers. Our factory is in Agadir, and you can start from 50 pieces.","توفر Moroccan Beauty Wholesale منتجات تجميل مغربية جاهزة للبيع — زيت الأرغان، الصابون البلدي، الغاسول، ماء الورد، كيس الحمام ومجموعات الحمام — للمتاجر، المنتجعات الصحية، الفنادق والمتاجر الإلكترونية. ورشتنا في أكادير، ويمكنك البدء ابتداءً من 50 قطعة فقط."
"about.hero.ctaPrice","Request the Price List","طلب قائمة الأسعار"
"about.hero.ctaWhatsApp","Chat on WhatsApp","تواصل عبر واتساب"
"about.hero.fallbackSandLine","Factory in Agadir · Address in Marrakesh","ورشة الإنتاج بأكادير · العنوان بمراكش"
"about.whyStarted.title","Why We Started This Service","لماذا أطلقنا هذه الخدمة"
"about.whyStarted.p1","Moroccan beauty products are easy to love and easy to sell. Buying them is another story. Most suppliers are organised for large brands: minimums in the hundreds or thousands of units, bulk drums to repackage, and long email threads before you even see a price.","منتجات التجميل المغربية محبوبة وسهلة البيع. لكن شراؤها بالجملة قصة أخرى. أغلب الموردين مصممون للعلامات الكبرى: كميات دنيا بمئات أو آلاف الوحدات، براميل خام تحتاج إعادة تعبئة، ومراسلات طويلة قبل أن ترى الأسعار حتى."
"about.whyStarted.p2","A concept store, a hammam, a riad or a small online shop doesn't need that. It needs a few cartons of products that are already labelled, packed and ready to use or sell, with a clear price and a quick answer.","المتجر المستقل، الحمام، الرياض أو المتجر الإلكتروني الصغير لا يحتاج كل هذا التعقيد. يحتاج بضعة صناديق من منتجات معبأة ومغلفة مسبقاً وجاهزة للعرض أو الاستخدام، مع سعر واضح وإجابة سريعة."
"about.whyStarted.pullQuote","Finished products, a 50-piece minimum, mixed orders, and a reply within 24 hours.","منتجات جاهزة، حد أدنى 50 قطعة، طلبيات متنوعة، ورد خلال 24 ساعة."
"about.whyStarted.sinceYearPrefix","Since ","منذ "
"about.factory.title","Our Factory in Agadir","ورشتنا في أكادير"
"about.factory.p1","Agadir sits in the heart of the argan region of south-west Morocco.","تقع أكادير في قلب موطن شجر الأرغان في الجنوب الغربي المغربي."
"about.factory.p2","We work with Moroccan producers and cooperatives for the products we don't make ourselves, and every order is checked and packed before it leaves.","نتعاون مع منتجين وتعاونيات مغربية للمنتجات التي لا ننتجها بأنفسنا، ويتم فحص كل طلب وتغليفه بدقة قبل شحنه."
"about.whatWeDo.title","What We Do for You","ماذا نقدم لمشروعك"
"about.whatWeDo.items[0].lead","Supply finished products","توريد منتجات جاهزة للبيع"
"about.whatWeDo.items[0].text","labelled and packed, ready for a shelf, a treatment room or a guest bathroom.","معبأة وموسومة، جاهزة للأرفف أو غرف العلاج أو غرف الضيافة."
"about.whatWeDo.items[1].lead","Accept small, mixed orders","قبول طلبيات صغيرة متنوعة"
"about.whatWeDo.items[1].text","from 50 pieces, combining several products.","ابتداءً من 50 قطعة، مع إمكانية الجمع بين عدة منتجات."
"about.whatWeDo.items[2].lead","Put your name on the label","وضع اسم علامتك على الملصق"
"about.whatWeDo.items[2].text","from 50 pieces, for a simple house brand.","ابتداءً من 50 قطعة، لإطلاق علامتك التجارية بسهولة."
"about.whatWeDo.items[3].lead","Prepare export documents","إعداد وثائق التصدير"
"about.whatWeDo.items[3].text","and ship worldwide by express, air or sea freight.","والشحن إلى جميع أنحاء العالم عبر الشحن السريع أو الجوي أو البحري."
"about.whatWeDo.items[4].lead","Provide product information","توفير معلومات ومواصفات المنتجات"
"about.whatWeDo.items[4].text","ingredient lists and safety data sheets on request.","قوائم المكونات وصحائف بيانات السلامة عند الطلب."
"about.expectations.title","What You Can Expect From Us","ما يمكنك توقعه منا"
"about.expectations.items[0].title","A quick, clear answer","رد سريع وواضح"
"about.expectations.items[0].text","Every enquiry gets a reply within 24 hours on business days, with prices, formats and shipping options.","كل استفسار يتلقى رداً خلال 24 ساعة في أيام العمل، مع تفاصيل الأسعار والأحجام وخيارات الشحن."
"about.expectations.items[1].title","Honest information","معلومات صادقة وشفافة"
"about.expectations.items[1].text","We tell you what a product is, where it comes from and what it can and can't claim. No miracle promises on our labels or our website.","نوضح لك طبيعة كل منتج ومصدره وما يمكن وما لا يمكن ادعاؤه. لا وعود خارقة أو مبالغات على ملصقاتنا أو موقعنا."
"about.expectations.items[2].title","Small orders taken seriously","الطلبيات الصغيرة تؤخذ بجدية تامة"
"about.expectations.items[2].text","A first order of 50 pieces gets the same care as a large one. Most businesses start small - we'd rather earn your second order than push a big first one.","الطلب الأول المكون من 50 قطعة يحظى بنفس العناية كالطلبيات الكبيرة. نفضل كسب ثقتك في طلبك الثاني على الضغط لطلب أول ضخم."
"about.expectations.items[3].title","One point of contact","مسؤول اتصال واحد ومباشر"
"about.expectations.items[3].text","The same person follows your order from the first message to delivery.","نفس الشخص يتابع طلبك من أول رسالة حتى وصول الشحنة إلى بابك."
"about.whereToFind.title","Where to Find Us","أين تجدنا"
"about.whereToFind.labels.address","Address","العنوان"
"about.whereToFind.labels.factory","Factory","الورشة"
"about.whereToFind.labels.email","Email","البريد الإلكتروني"
"about.whereToFind.labels.phoneWhatsApp","Phone / WhatsApp","الهاتف / واتساب"
"about.whereToFind.labels.openingHours","Opening Hours","ساعات العمل"
"about.whereToFind.addressValue","Lot 377 N°3/6, Sidi Ghanem industrial zone, 40110 Marrakesh, Morocco","القطعة 377 رقم 3/6، المنطقة الصناعية سيدي غانم، 40110 مراكش، المغرب"
"about.whereToFind.factoryValue","Agadir, Morocco","أكادير، المغرب"
"about.whereToFind.visitsText","Visits are by appointment.","الزيارات تتم بموعد مسبق."
"about.whereToFind.videoCallText","We can also organise a video call to show you our products and packaging.","يمكننا أيضاً تنظيم مكالمة فيديو لإطلاعك على المنتجات وحلول التغليف."
"about.whereToFind.openMapBtn","Open in Google Maps","فتح في خرائط Google"
"about.faq.title","Frequently Asked Questions","الأسئلة الشائعة"
"about.faq.subtitle","Direct answers about our factory, order minimums and how we work.","إجابات مباشرة ومحددة حول ورشتنا والحد الأدنى وطريقة العمل."
"about.faq.whatsAppLink","Chat on WhatsApp","تواصل عبر واتساب"
"about.faq.items[0].q","Where is your factory?","أين تقع ورشتكم؟"
"about.faq.items[0].a","In Agadir, in the argan region of Morocco. Our address is in the Sidi Ghanem industrial zone in Marrakesh.","في أكادير، قلب منطقة الأرغان في المغرب. ومقرنا الإداري والتجاري في المنطقة الصناعية سيدي غانم بمراكش."
"about.faq.items[1].q","What is the minimum order?","ما هو الحد الأدنى للطلب؟"
"about.faq.items[1].a","50 pieces, and you can mix products in one order.","50 قطعة، ويمكنك دمج عدة منتجات مختلفة في نفس الطلب."
"about.faq.items[2].q","How quickly do you reply?","كم يستغرق الرد على الاستفسارات؟"
"about.faq.items[2].a","Within 24 hours on business days.","خلال 24 ساعة في أيام العمل."
"about.faq.items[3].q","Can I visit you?","هل يمكنني زيارتكم؟"
"about.faq.items[3].a","Yes, by appointment. Contact us to arrange a visit.","نعم، بموعد مسبق. تواصل معنا لترتيب الزيارة."
"about.cta.title","Let's Talk About Your First Order","لنتحدث عن طلبك الأول"
"about.cta.description","Tell us what kind of business you run and which products you're interested in. You'll get the price list within 24 hours on business days.","أخبرنا عن نوع نشاطك التجاري والمنتجات التي تهمك. ستصلك قائمة الأسعار خلال 24 ساعة في أيام العمل."
"about.cta.ctaPrice","Request the Price List","طلب قائمة الأسعار"
"about.cta.ctaWhatsApp","Chat on WhatsApp","تواصل عبر واتساب"